{
    "$schema": "https://schema.management.azure.com/schemas/2015-01-01/deploymentParameters.json#",
    "contentVersion": "1.0.0.0",
    "parameters": {
        "vmSize": {
            "value": "Standard_DS2_v2"
        },
        "adminUsername": {
            "value": "Student"
        },
        "adminPassword": {
            "value": "Pa55w.rd1234"
        },
        "sqlLoginName": {
            "value": "Student"
        },
        "sqlLoginPassword": {
            "value": "Pa55w.rd1234"
        }
    }
}
